{
    "baseline": {
        "task_0": 0.575,
        "task_1": 0.16875,
        "task_2": 0.8250000000000001,
        "task_3": 0.61875,
        "task_4": 0.45625000000000004,
        "task_5": 0.6062500000000001,
        "task_6": 0.8875,
        "task_7": 0.58125,
        "task_8": 0.46875,
        "task_9": 0.07500000000000001
    },
    "0": {
        "task_0": 0.825,
        "task_1": 0.21874999999999997,
        "task_2": 0.8250000000000001,
        "task_3": 0.6749999999999999,
        "task_4": 0.45625000000000004,
        "task_5": 0.65,
        "task_6": 0.8875,
        "task_7": 0.58125,
        "task_8": 0.46875,
        "task_9": 0.07500000000000001
    },
    "1": {
        "task_0": 0.825,
        "task_1": 0.56875,
        "task_2": 0.8250000000000001,
        "task_3": 0.70625,
        "task_4": 0.4875,
        "task_5": 0.65,
        "task_6": 0.8875,
        "task_7": 0.58125,
        "task_8": 0.6625,
        "task_9": 0.08124999999999999
    },
    "2": {
        "task_0": 0.825,
        "task_1": 0.56875,
        "task_2": 0.8562500000000001,
        "task_3": 0.70625,
        "task_4": 0.4875,
        "task_5": 0.65,
        "task_6": 0.9062500000000001,
        "task_7": 0.61875,
        "task_8": 0.6625,
        "task_9": 0.08124999999999999
    },
    "3": {
        "task_0": 0.825,
        "task_1": 0.6312500000000001,
        "task_2": 0.8562500000000001,
        "task_3": 0.8875,
        "task_4": 0.49375,
        "task_5": 0.65,
        "task_6": 0.9062500000000001,
        "task_7": 0.61875,
        "task_8": 0.6749999999999999,
        "task_9": 0.08124999999999999
    }
}